{"cameraMode":{"drawMode":0,"name":"Shaded","section":"Shading Mode"},"sceneLighting":true,"audioPlay":false,"sceneViewState":{"showFog":true,"showMaterialUpdate":false,"showSkybox":true,"showFlares":true,"showImageEffects":true,"showParticleSystems":true,"showVisualEffectGraphs":true,"m_FxEnabled":true},"in2DMode":false,"pivot":{"x":-4.270999908447266,"y":2.2681784629821779,"z":1.8939971923828126},"rotation":{"x":0.0068740155547857288,"y":0.9588685631752014,"z":-0.2828102707862854,"w":0.02330590970814228},"size":7.329007625579834,"orthographic":false}